Group,Users,Conversion_Rate,Revenue_Per_User,Avg_Session_Duration_Mins,Retention_Rate
A,1499,35.156771180787196,76.11741160773849,25.13374423732211,43.29553035356904
B,1501,59.29380413057961,135.49433710859427,30.980351357758053,64.82345103264491
