KPI,Value
DAU,158.6931506849315
MAU,1131.6666666666667
Stickiness (DAU/MAU),14.022958823410736
Monthly Churn Rate,5.88235294117647
MRR,35201.0
ARPU,21.70221948212084
CLV,368.93773119605436
Signup-to-Login,93.60000000000001
Login-to-Paid,50.46296296296296
Paid-to-Renewal,41.919548341566696
